<model_info><model_components><categories><category name="Measurements"><components><component name="Va2" type="Voltage Measurement" /><component name="Ia1" type="Current Measurement" /><component name="Ia3" type="Current Measurement" /><component name="Va1" type="Voltage Measurement" /></components></category><category name="Signal Processing"><categories><category name="Sources"><components><component name="Constant5" type="Constant" /><component name="Step2" type="Step" /><component name="Tidal speed" type="SCADA Input" /><component name="Subsystem1.Constant15" type="Constant" /><component name="Subsystem1.Constant13" type="Constant" /><component name="Subsystem1.Constant14" type="Constant" /><component name="Subsystem1.Constant17" type="Constant" /><component name="Subsystem1.Constant16" type="Constant" /><component name="Subsystem1.Constant5" type="Constant" /><component name="Subsystem1.Constant12" type="Constant" /><component name="Subsystem1.Constant10" type="Constant" /><component name="Subsystem1.Constant11" type="Constant" /><component name="Subsystem1.Constant2" type="Constant" /><component name="Subsystem1.Constant7" type="Constant" /><component name="Subsystem1.Constant8" type="Constant" /><component name="Subsystem1.Constant9" type="Constant" /><component name="Subsystem1.Constant6" type="Constant" /><component name="Subsystem1.Constant4" type="Constant" /><component name="Subsystem1.Constant1" type="Constant" /><component name="Subsystem1.Constant3" type="Constant" /><component name="Constant7" type="Constant" /><component name="Constant6" type="Constant" /><component name="Constant4" type="Constant" /><component name="Constant2" type="Constant" /></components></category><category name="Sinks"><components><component name="reference_o" type="Probe" /><component name="lambda" type="Probe" /><component name="Reference_out" type="SCADA Output" /><component name="R^2" type="Probe" /><component name="Pm" type="Probe" /><component name="Tm" type="Probe" /><component name="Input" type="Probe" /><component name="Te" type="Probe" /><component name="P_pv" type="Probe" /><component name="Pout" type="Probe" /><component name="Cp" type="Probe" /><component name="Wg" type="Probe" /><component name="speed_3" type="Probe" /><component name="Theta_m" type="Probe" /></components></category><category name="Math Operations"><components><component name="Sum3" type="Sum" /><component name="Gain1" type="Gain" /><component name="Subsystem1.Product13" type="Product" /><component name="Subsystem1.Mathematical function3" type="Mathematical function" /><component name="Subsystem1.Limit3" type="Limit" /><component name="Subsystem1.Limit4" type="Limit" /><component name="Subsystem1.Product12" type="Product" /><component name="Subsystem1.Product4" type="Product" /><component name="Subsystem1.Product1" type="Product" /><component name="Subsystem1.Product11" type="Product" /><component name="Subsystem1.Mathematical function4" type="Mathematical function" /><component name="Subsystem1.Product10" type="Product" /><component name="Subsystem1.Product5" type="Product" /><component name="Subsystem1.Limit2" type="Limit" /><component name="Subsystem1.Sum4" type="Sum" /><component name="Subsystem1.Mathematical function2" type="Mathematical function" /><component name="Subsystem1.Sum5" type="Sum" /><component name="Subsystem1.Product8" type="Product" /><component name="Subsystem1.Product9" type="Product" /><component name="Subsystem1.Limit1" type="Limit" /><component name="Subsystem1.Sum1" type="Sum" /><component name="Subsystem1.Product7" type="Product" /><component name="Subsystem1.Product6" type="Product" /><component name="Subsystem1.Sum2" type="Sum" /><component name="Subsystem1.Sum3" type="Sum" /><component name="Subsystem1.Mathematical function1" type="Mathematical function" /><component name="Subsystem1.Product3" type="Product" /><component name="Subsystem1.Product2" type="Product" /><component name="Sum1" type="Sum" /><component name="Sum2" type="Sum" /><component name="PV power" type="Product" /><component name="Gain2" type="Gain" /><component name="Product1" type="Product" /><component name="Gain3" type="Gain" /><component name="Limit1" type="Limit" /></components></category><category name="Extras"><components><component name="Mean Value2" type="Mean Value" /><component name="Mean Value3" type="Mean Value" /><component name="PID controller1" type="PID controller" /></components></category><category name="System"><components><component name="Subsystem2.Bus Split1" type="Bus Split" /></components></category><category name="Discrete"><components><component name="Unit Delay1" type="Unit Delay" /><component name="Unit Delay2" type="Unit Delay" /></components></category><category name="Functions and Tables"><components><component name="P&amp;O" type="C function" /></components></category></categories></category><category name="Passive Components"><components><component name="RLC1" type="Series RLC Branch" /><component name="R1" type="Resistor" /><component name="L1" type="Inductor" /><component name="RLC" type="Series RLC Branch" /></components></category><category name="Machines"><categories><category name="Synchronous Machines"><components><component name="3 ph PMSM1" type="Three Phase Permanent Magnet Synchronous Machine" /></components></category></categories></category><category name="Converters"><components><component name="Three Phase Inverter1" type="Three Phase Inverter" /><component name="Boost1" type="Boost" /></components></category></categories></model_components></model_info>